Country Name,CO2 per capita 1960,CO2 per capita 1961,CO2 per capita 1962,CO2 per capita 1963,CO2 per capita 1964,CO2 per capita 1965,CO2 per capita 1966,CO2 per capita 1967,CO2 per capita 1968,CO2 per capita 1969,CO2 per capita 1970,CO2 per capita 1971,CO2 per capita 1972,CO2 per capita 1973,CO2 per capita 1974,CO2 per capita 1975,CO2 per capita 1976,CO2 per capita 1977,CO2 per capita 1978,CO2 per capita 1979,CO2 per capita 1980,CO2 per capita 1981,CO2 per capita 1982,CO2 per capita 1983,CO2 per capita 1984,CO2 per capita 1985,CO2 per capita 1986,CO2 per capita 1987,CO2 per capita 1988,CO2 per capita 1989,CO2 per capita 1990,CO2 per capita 1991,CO2 per capita 1992,CO2 per capita 1993,CO2 per capita 1994,CO2 per capita 1995, CO2 per capita 1996,CO2 per capita 1997,CO2 per capita 1998,CO2 per capita 1999,CO2 per capita 2000,CO2 per capita 2001,CO2 per capita 2002,CO2 per capita 2003,CO2 per capita 2004,CO2 per capita 2005,CO2 per capita 2006,CO2 per capita 2007,CO2 per capita 2008,CO2 per capita 2009,CO2 per capita 2010,CO2 per capita 2011,CO2 per capita 2012,CO2 per capita 2013,CO2 per capita 2014,CO2 per capita 2015,CO2 per capita 2016,CO2 per capita 2017,CO2 per capita 2018
Afghanistan,0.046,0.054,0.074,0.074,0.086,0.101,0.107,0.123,0.115,0.087,0.150,0.165,0.130,0.135,0.155,0.168,0.154,0.182,0.162,0.167,0.132,0.151,0.163,0.201,0.232,0.294,0.268,0.269,0.247,0.234,0.238,0.206,0.099,0.086,0.076,0.069,0.063,0.057,0.053,0.041,0.037,0.037,0.049,0.057,0.046,0.064,0.073,0.087,0.158,0.211,0.297,0.407,0.335,0.264,0.234,0.232,0.209,0.203,0.200
Angola,0.101,0.082,0.211,0.203,0.214,0.206,0.269,0.172,0.290,0.480,0.608,0.565,0.721,0.751,0.721,0.629,0.451,0.469,0.695,0.683,0.641,0.611,0.519,0.551,0.521,0.472,0.452,0.544,0.464,0.437,0.534,0.533,0.503,0.528,0.495,0.773,0.792,0.789,0.740,0.797,0.754,0.762,0.777,0.994,1.028,0.937,1.009,1.124,1.156,1.206,1.222,1.216,1.205,1.262,1.285,1.261,1.228,1.034,0.887
Albania,1.258,1.374,1.440,1.182,1.112,1.166,1.333,1.364,1.520,1.559,1.753,1.989,2.516,2.304,1.849,1.911,2.014,2.276,2.531,2.898,1.935,2.693,2.625,2.683,2.694,2.658,2.665,2.414,2.332,2.783,1.841,1.258,0.690,0.641,0.667,0.612,0.622,0.470,0.575,0.955,1.026,1.052,1.229,1.352,1.417,1.351,1.353,1.421,1.415,1.476,1.572,1.735,1.579,1.655,1.807,1.760,1.714,1.949,1.940
United Arab Emirates,0.119,0.109,0.164,0.176,0.133,0.147,0.160,5.400,6.807,101.053,65.018,76.350,70.865,77.619,67.016,56.667,62.157,52.745,53.638,39.289,36.199,33.610,31.655,28.770,35.855,36.545,32.657,31.100,29.727,31.575,30.299,31.748,29.052,28.599,29.764,30.077,29.857,30.490,29.806,28.995,26.975,29.146,28.205,27.891,27.032,25.343,22.916,21.348,22.033,19.853,19.043,18.590,19.223,20.015,19.952,20.948,21.308,21.951,20.797
Argentina,2.383,2.459,2.538,2.331,2.553,2.656,2.807,2.871,2.982,3.288,3.465,3.666,3.657,3.754,3.753,3.670,3.799,3.780,3.793,4.030,3.898,3.601,3.592,3.596,3.582,3.329,3.395,3.686,3.836,3.642,3.061,3.184,3.202,3.268,3.308,3.268,3.591,3.571,3.693,3.680,3.578,3.350,3.117,3.370,3.685,3.762,3.954,4.123,4.195,3.889,4.122,4.296,4.278,4.360,4.216,4.314,4.228,4.089,3.987
Armenia,0.000,0.000,0.000,0.000,0.000,0.000,0.000,0.000,0.000,0.000,0.000,0.000,0.000,0.000,0.000,0.000,0.000,0.000,0.000,0.000,0.000,0.000,0.000,0.000,0.000,0.000,0.000,0.000,0.000,0.000,5.610,5.903,3.163,1.499,0.834,1.091,0.811,1.066,1.116,1.007,1.160,1.180,1.028,1.160,1.253,1.496,1.518,1.773,1.957,1.562,1.508,1.717,1.983,1.898,1.882,1.825,1.727,1.807,1.880
Australia,8.583,8.642,8.836,9.226,9.759,10.622,10.328,10.956,11.210,11.601,11.803,11.809,11.952,12.780,12.560,12.660,12.417,13.232,14.070,14.129,15.025,15.433,15.425,14.640,15.221,15.308,14.981,15.747,15.796,16.520,15.447,15.315,15.339,15.416,15.607,15.992,16.361,16.567,17.512,17.597,17.690,17.770,17.957,17.692,18.148,18.118,18.121,18.503,18.283,18.207,17.581,17.268,16.969,16.399,15.756,15.786,15.872,15.739,15.476
Austria,4.373,4.496,4.755,5.155,5.391,5.252,5.362,5.418,5.711,6.006,6.789,6.954,7.449,7.931,7.563,7.177,7.721,7.428,7.601,8.159,6.928,7.416,7.112,6.874,7.214,7.231,7.144,7.623,7.032,7.102,7.589,8.049,7.355,7.311,7.345,7.697,8.154,8.060,8.107,7.889,7.930,8.444,8.583,9.168,9.276,9.266,8.962,8.588,8.500,7.721,8.365,8.135,7.724,7.754,7.253,7.307,7.256,7.483,7.147
Azerbaijan,0.000,0.000,0.000,0.000,0.000,0.000,0.000,0.000,0.000,0.000,0.000,0.000,0.000,0.000,0.000,0.000,0.000,0.000,0.000,0.000,0.000,0.000,0.000,0.000,0.000,0.000,0.000,0.000,0.000,0.000,8.035,9.219,6.044,7.141,6.263,5.956,5.202,5.036,4.978,4.858,4.971,4.774,4.666,4.170,4.104,4.367,4.027,3.206,3.375,2.810,2.667,3.113,3.309,3.333,3.422,3.334,3.347,3.244,3.221
Burundi,0.000,0.000,0.015,0.016,0.016,0.012,0.015,0.015,0.016,0.021,0.018,0.021,0.021,0.020,0.025,0.021,0.023,0.026,0.026,0.027,0.035,0.037,0.036,0.046,0.048,0.049,0.048,0.050,0.044,0.050,0.035,0.041,0.035,0.036,0.036,0.037,0.036,0.038,0.037,0.037,0.041,0.032,0.033,0.025,0.022,0.022,0.025,0.024,0.025,0.024,0.037,0.041,0.042,0.043,0.040,0.040,0.044,0.053,0.053
Belgium,9.942,10.104,10.641,11.387,11.054,11.142,11.042,11.217,12.326,12.815,13.010,12.563,13.473,14.255,13.837,12.458,13.242,12.875,13.807,14.239,13.723,12.580,11.927,10.312,10.697,10.597,10.432,10.447,10.135,10.814,10.967,11.391,11.183,10.919,11.359,11.302,11.761,11.456,11.703,11.295,11.441,11.504,10.728,11.131,10.941,10.556,10.301,9.843,9.984,9.232,9.772,8.658,8.550,8.657,8.043,8.444,8.324,8.155,8.180
Benin,0.066,0.052,0.054,0.048,0.055,0.057,0.042,0.052,0.055,0.071,0.097,0.099,0.128,0.122,0.128,0.136,0.078,0.087,0.103,0.101,0.139,0.112,0.125,0.113,0.121,0.174,0.156,0.119,0.118,0.131,0.076,0.064,0.068,0.076,0.070,0.078,0.172,0.197,0.201,0.213,0.223,0.260,0.291,0.316,0.326,0.348,0.466,0.519,0.500,0.525,0.552,0.526,0.487,0.502,0.536,0.566,0.665,0.659,0.689
Burkina Faso,0.009,0.019,0.017,0.018,0.022,0.020,0.020,0.019,0.019,0.022,0.025,0.026,0.028,0.028,0.034,0.036,0.033,0.039,0.053,0.061,0.063,0.080,0.080,0.081,0.062,0.062,0.061,0.064,0.066,0.096,0.067,0.066,0.066,0.065,0.063,0.063,0.069,0.077,0.080,0.082,0.090,0.085,0.083,0.087,0.087,0.086,0.101,0.118,0.130,0.127,0.134,0.137,0.164,0.174,0.172,0.188,0.188,0.212,0.216
Bangladesh,0.295,0.297,0.317,0.355,0.354,0.361,0.356,0.365,0.406,0.383,0.379,0.352,0.053,0.067,0.068,0.070,0.078,0.079,0.080,0.086,0.096,0.097,0.102,0.096,0.103,0.113,0.123,0.124,0.138,0.134,0.112,0.103,0.109,0.114,0.120,0.144,0.143,0.158,0.157,0.161,0.170,0.198,0.207,0.212,0.223,0.235,0.255,0.266,0.288,0.307,0.343,0.365,0.384,0.397,0.413,0.459,0.467,0.493,0.513
Bulgaria,2.834,3.270,3.836,4.260,5.263,5.646,5.905,6.638,7.112,7.870,7.213,7.533,7.716,7.984,8.211,8.378,8.348,8.629,9.237,8.968,8.744,9.036,10.107,10.108,9.750,9.993,10.217,10.214,9.719,9.771,8.437,6.790,6.455,6.571,6.339,6.506,6.584,6.421,6.127,5.395,5.303,5.766,5.567,6.159,6.114,6.251,6.443,6.974,6.677,5.772,6.064,6.759,6.176,5.481,5.846,6.226,5.856,6.224,5.855
Bahamas,3.750,4.746,5.996,5.558,8.118,9.399,7.465,11.172,10.286,10.626,15.198,38.717,36.492,43.373,39.918,43.698,33.514,49.303,32.797,33.645,37.943,13.011,10.276,8.960,8.070,6.440,5.907,5.849,6.224,7.735,6.947,7.203,9.510,7.747,7.395,7.424,6.937,6.159,7.811,7.583,7.180,7.039,7.411,7.186,6.773,6.218,6.102,6.135,6.139,17.220,5.860,6.730,10.012,8.470,7.069,6.334,5.795,5.632,5.860
Bosnia and Herz.,0.000,0.000,0.000,0.000,0.000,0.000,0.000,0.000,0.000,0.000,0.000,0.000,0.000,0.000,0.000,0.000,0.000,0.000,0.000,0.000,0.000,0.000,0.000,0.000,0.000,0.000,0.000,0.000,0.000,0.000,5.370,4.907,3.772,3.285,0.803,0.880,1.113,2.272,2.881,2.810,3.719,3.664,3.873,3.950,4.136,4.310,4.756,5.020,5.530,5.511,5.624,6.484,6.092,6.168,5.597,5.718,6.597,6.758,6.781
Belarus,0.000,0.000,0.000,0.000,0.000,0.000,0.000,0.000,0.000,0.000,0.000,0.000,0.000,0.000,0.000,0.000,0.000,0.000,0.000,0.000,0.000,0.000,0.000,0.000,0.000,0.000,0.000,0.000,0.000,0.000,9.800,9.441,8.592,7.446,6.323,5.644,5.756,5.837,5.684,5.483,5.310,5.211,5.248,5.364,5.732,5.844,6.123,5.998,6.326,6.017,6.477,6.159,6.317,6.331,6.277,5.784,5.811,5.921,6.254
Belize,0.478,0.387,0.715,0.622,0.818,0.795,0.738,1.074,0.885,1.138,0.990,1.146,1.240,1.134,1.173,1.321,1.302,1.445,1.557,1.479,1.323,1.242,1.138,1.106,1.075,1.156,1.211,1.304,1.393,1.639,1.759,2.250,2.573,2.328,2.231,2.223,1.685,2.076,1.954,1.716,1.820,2.078,1.982,1.893,1.591,1.656,1.751,1.772,1.630,4.640,1.737,1.938,2.041,1.446,1.387,1.829,1.764,1.730,1.775
Bolivia,0.275,0.279,0.289,0.313,0.374,0.374,0.410,0.450,0.507,0.581,0.554,0.668,0.763,0.723,0.719,0.812,0.896,0.857,0.941,0.867,0.837,0.841,0.748,0.723,0.667,0.668,0.599,0.626,0.655,0.743,0.827,0.823,0.952,1.069,1.211,1.092,1.044,1.043,1.063,0.964,0.950,0.920,0.941,1.023,1.039,1.091,1.188,1.260,1.339,1.403,1.497,1.611,1.662,1.761,1.884,1.878,1.959,1.988,2.000
Brazil,0.650,0.662,0.702,0.706,0.700,0.676,0.750,0.752,0.857,0.909,0.986,1.053,1.145,1.295,1.370,1.410,1.413,1.450,1.537,1.598,1.550,1.390,1.361,1.287,1.275,1.340,1.440,1.473,1.458,1.463,1.331,1.353,1.353,1.372,1.397,1.491,1.597,1.684,1.713,1.745,1.789,1.803,1.767,1.702,1.776,1.776,1.775,1.849,1.938,1.809,2.032,2.112,2.267,2.402,2.499,2.347,2.143,2.164,2.042
Brunei,4.084,3.557,4.139,3.803,3.486,3.259,4.581,3.913,3.639,3.946,63.386,55.408,66.619,67.209,52.781,43.808,35.825,36.603,52.657,39.662,35.501,7.351,10.161,12.761,8.790,11.568,9.957,13.969,23.391,25.243,15.152,12.697,13.108,13.739,14.303,15.146,15.462,16.316,13.505,12.844,13.297,12.675,12.573,14.860,13.688,13.201,19.500,18.242,19.029,19.354,17.652,17.806,17.870,17.358,17.009,14.413,15.270,15.808,16.645
Bhutan,0.000,0.000,0.000,0.000,0.000,0.000,0.000,0.000,0.000,0.000,0.012,0.012,0.012,0.011,0.011,0.011,0.010,0.020,0.029,0.056,0.054,0.061,0.077,0.067,0.114,0.134,0.115,0.208,0.216,0.119,0.245,0.318,0.374,0.319,0.357,0.430,0.517,0.671,0.638,0.623,0.626,0.596,0.649,0.573,0.485,0.632,0.608,0.587,0.596,0.545,0.686,0.966,1.083,1.197,1.307,1.319,1.670,1.784,1.829
Botswana,0.000,0.000,0.000,0.000,0.000,0.000,0.000,0.000,0.000,0.000,0.000,0.000,0.033,0.074,0.123,0.252,0.772,0.976,1.000,1.089,1.099,1.084,1.143,1.034,1.013,1.083,0.961,1.073,1.085,1.149,2.184,2.066,2.420,2.323,2.148,2.171,1.941,1.993,2.335,2.397,2.452,2.311,2.364,2.260,2.249,2.379,2.228,2.303,2.292,2.094,1.696,1.985,2.515,2.696,3.414,3.400,3.296,3.569,3.642
Central African Republic,0.059,0.058,0.047,0.046,0.046,0.054,0.050,0.054,0.105,0.105,0.115,0.100,0.090,0.085,0.059,0.052,0.064,0.063,0.070,0.048,0.048,0.060,0.061,0.061,0.061,0.063,0.062,0.098,0.086,0.091,0.057,0.052,0.051,0.053,0.051,0.050,0.051,0.050,0.066,0.067,0.066,0.067,0.066,0.062,0.061,0.059,0.063,0.062,0.061,0.060,0.062,0.066,0.068,0.067,0.067,0.069,0.068,0.067,0.071
Canada,10.771,10.628,11.131,11.132,12.305,12.814,12.935,13.810,14.633,14.619,16.014,16.055,17.154,16.967,17.098,17.160,17.029,17.203,17.356,18.266,18.080,17.325,16.515,16.111,16.620,16.333,15.519,16.310,17.022,16.984,15.136,14.728,15.015,14.735,15.131,15.340,15.642,16.001,16.142,16.287,16.783,16.342,16.756,17.234,16.820,17.057,16.612,17.371,16.549,15.487,15.734,15.950,15.761,15.858,15.854,15.651,15.245,15.385,15.497
Switzerland,3.664,3.752,4.334,5.111,4.865,5.186,5.328,5.435,5.938,6.208,6.520,6.750,6.864,7.335,6.541,6.168,6.423,6.541,6.721,6.341,6.415,6.116,5.731,6.243,6.081,6.155,6.503,6.150,6.175,5.938,6.452,6.716,6.647,6.262,6.090,6.170,6.223,6.031,6.224,6.233,6.084,6.246,5.981,6.110,6.128,6.165,6.077,5.766,5.879,5.639,5.778,5.206,5.311,5.375,4.852,4.712,4.730,4.569,4.402
Chile,1.659,1.743,1.973,2.006,1.986,1.976,2.053,2.068,2.242,2.343,2.521,2.725,2.790,2.694,2.489,2.173,2.241,2.116,2.069,2.209,2.213,2.120,1.755,1.750,1.838,1.754,1.788,1.793,2.096,2.480,2.291,2.190,2.295,2.316,2.497,2.660,3.020,3.419,3.432,3.546,3.247,3.085,3.104,3.149,3.417,3.443,3.488,3.916,4.085,3.871,4.086,4.437,4.511,4.720,4.301,4.562,4.732,4.712,4.625
China,1.170,0.836,0.661,0.640,0.626,0.666,0.711,0.574,0.605,0.725,0.943,1.042,1.081,1.098,1.097,1.250,1.285,1.389,1.529,1.543,1.495,1.460,1.567,1.629,1.750,1.871,1.939,2.038,2.151,2.153,1.915,2.001,2.076,2.243,2.319,2.560,2.517,2.543,2.602,2.514,2.648,2.773,2.974,3.425,3.952,4.463,4.906,5.303,5.432,5.795,6.332,6.903,7.058,7.320,7.253,7.169,7.119,7.226,7.405
Cote d'Ivoire,0.132,0.152,0.156,0.159,0.187,0.278,0.295,0.328,0.374,0.426,0.479,0.508,0.541,0.549,0.582,0.622,0.590,0.577,0.656,0.706,0.775,0.532,0.697,0.529,0.567,0.739,0.579,0.718,0.826,0.741,0.227,0.226,0.216,0.223,0.225,0.230,0.265,0.317,0.310,0.417,0.385,0.371,0.370,0.293,0.302,0.317,0.300,0.289,0.324,0.296,0.303,0.285,0.366,0.383,0.396,0.412,0.391,0.425,0.395
Cameroon,0.052,0.053,0.054,0.054,0.060,0.054,0.058,0.076,0.082,0.090,0.098,0.121,0.125,0.127,0.135,0.156,0.143,0.199,0.247,0.219,0.453,0.601,0.692,0.697,0.621,0.643,0.192,0.172,0.199,0.668,0.246,0.218,0.202,0.518,0.551,0.523,0.454,0.459,0.459,0.431,0.432,0.397,0.380,0.363,0.379,0.373,0.381,0.434,0.426,0.444,0.442,0.381,0.329,0.334,0.342,0.344,0.357,0.339,0.342
Dem. Rep. Congo,0.152,0.151,0.136,0.139,0.117,0.142,0.135,0.125,0.178,0.188,0.136,0.144,0.143,0.147,0.151,0.141,0.145,0.144,0.142,0.146,0.133,0.140,0.111,0.142,0.136,0.122,0.110,0.122,0.124,0.131,0.092,0.048,0.040,0.037,0.032,0.030,0.029,0.027,0.030,0.029,0.020,0.016,0.018,0.021,0.022,0.027,0.028,0.030,0.031,0.031,0.032,0.038,0.035,0.051,0.065,0.038,0.026,0.028,0.026
Congo,0.220,0.257,0.223,0.214,0.238,0.213,0.260,0.265,0.360,0.390,0.431,0.502,0.472,0.843,1.089,0.716,0.781,0.295,0.192,0.202,0.229,0.258,0.714,0.590,0.571,0.623,0.505,0.610,0.672,0.657,0.356,1.272,1.209,1.168,1.056,1.082,1.005,1.165,1.094,0.971,0.914,0.929,0.846,0.863,0.815,1.330,1.322,1.323,1.349,1.312,1.165,1.106,1.053,0.865,0.861,0.708,0.673,0.630,0.614
Colombia,1.022,1.100,1.137,1.206,1.194,1.222,1.219,1.246,1.305,1.339,1.322,1.378,1.398,1.464,1.550,1.492,1.548,1.564,1.620,1.689,1.649,1.617,1.634,1.722,1.670,1.615,1.606,1.618,1.648,1.640,1.476,1.498,1.546,1.590,1.578,1.622,1.587,1.686,1.671,1.433,1.469,1.455,1.381,1.350,1.336,1.358,1.336,1.353,1.356,1.407,1.430,1.531,1.526,1.673,1.699,1.705,1.739,1.555,1.601
Costa Rica,0.369,0.356,0.384,0.405,0.438,0.532,0.604,0.517,0.594,0.638,0.677,0.806,0.907,1.027,0.934,0.974,0.971,1.185,1.290,1.201,1.031,0.917,0.827,0.812,0.752,0.828,0.928,0.956,0.993,0.979,0.920,0.956,1.263,1.240,1.402,1.357,1.247,1.207,1.320,1.297,1.249,1.344,1.346,1.393,1.406,1.463,1.510,1.725,1.685,1.593,1.553,1.604,1.589,1.641,1.633,1.555,1.649,1.653,1.652
Cuba,1.918,1.671,1.901,1.711,1.834,1.836,1.871,1.905,1.906,2.016,2.143,2.211,2.305,2.440,2.458,2.865,2.849,3.048,3.156,3.239,3.188,3.308,3.476,3.090,3.250,3.226,3.296,3.301,3.427,3.402,3.342,2.570,2.057,1.862,1.994,2.120,2.288,2.493,2.441,2.511,2.535,2.435,2.318,2.247,2.219,2.296,2.335,2.418,2.341,2.414,2.696,2.540,2.563,2.424,2.377,2.427,2.510,2.262,2.202
Cyprus,1.549,1.501,1.568,1.707,1.730,1.982,2.124,2.307,2.714,2.759,2.779,3.036,3.830,3.938,2.997,3.048,3.748,4.011,4.172,4.417,4.681,4.422,4.485,4.464,4.562,4.409,4.978,5.698,5.606,5.781,5.948,6.474,6.782,6.950,7.084,6.781,7.053,7.013,7.208,7.354,7.495,7.217,7.278,7.820,7.631,7.658,7.594,7.746,7.767,7.449,7.028,6.712,6.185,5.578,5.858,5.840,6.110,6.188,6.079
Czechia,0.000,0.000,0.000,0.000,0.000,0.000,0.000,0.000,0.000,0.000,0.000,0.000,0.000,0.000,0.000,0.000,0.000,0.000,0.000,0.000,0.000,0.000,0.000,0.000,0.000,0.000,0.000,0.000,0.000,0.000,14.535,13.280,12.999,12.680,12.068,12.121,12.287,12.111,11.552,10.886,12.011,12.012,11.624,12.043,12.105,11.752,11.779,12.004,11.393,10.644,10.877,10.573,10.196,9.770,9.477,9.575,9.735,9.762,9.641
Germany,0.000,0.000,0.000,0.000,0.000,0.000,0.000,0.000,0.000,0.000,0.000,0.000,0.000,0.000,0.000,0.000,0.000,0.000,0.000,0.000,0.000,0.000,0.000,0.000,0.000,0.000,0.000,0.000,0.000,0.000,12.027,11.653,11.073,10.930,10.754,10.689,11.021,10.616,10.520,10.150,10.097,10.291,10.101,10.136,9.947,9.727,9.883,9.525,9.616,8.970,9.452,9.298,9.450,9.643,9.107,9.087,9.073,8.858,8.558
Djibouti,0.482,0.497,0.506,0.656,0.784,1.052,1.134,0.670,0.862,0.563,0.873,0.953,1.064,0.943,0.947,0.883,0.797,0.714,0.655,1.080,0.970,0.802,0.904,0.885,0.867,0.844,0.831,0.793,0.659,0.689,0.559,0.560,0.553,0.550,0.530,0.523,0.528,0.530,0.514,0.500,0.516,0.518,0.536,0.540,0.518,0.549,0.541,0.584,0.576,0.556,0.619,0.562,0.587,0.634,0.512,0.591,0.527,0.498,0.511
Dominica,0.183,0.180,0.177,0.233,0.229,0.226,0.221,0.325,0.319,0.261,0.361,0.359,0.358,0.358,0.408,0.407,0.404,0.350,0.346,0.440,0.487,0.487,0.538,0.542,0.596,0.651,0.657,0.664,0.772,0.830,0.852,0.853,1.134,1.130,1.126,1.406,1.128,1.417,1.567,1.575,1.866,2.153,1.718,1.997,2.273,2.267,2.404,2.542,2.541,7.057,2.540,2.397,3.523,2.394,2.532,2.529,2.524,2.379,2.513
Denmark,6.503,6.881,7.945,8.690,9.146,9.317,10.449,10.149,10.961,12.143,12.600,11.497,11.949,11.802,10.917,11.024,11.855,12.155,11.974,12.312,11.784,10.112,10.492,9.811,9.950,11.747,11.503,11.379,10.743,9.505,10.130,12.170,11.024,11.427,12.137,11.450,13.927,12.057,11.263,10.703,9.871,10.049,10.041,11.008,9.971,9.276,10.706,9.778,9.123,8.671,8.685,7.735,6.833,7.120,6.337,5.912,6.177,5.781,5.761
Dominican Rep.,0.316,0.303,0.353,0.344,0.466,0.399,0.418,0.381,0.553,0.607,0.691,0.762,0.983,1.221,1.280,1.232,1.200,1.038,0.984,1.201,1.113,1.039,1.045,1.276,1.176,1.128,1.240,1.449,1.433,1.481,1.102,1.132,1.299,1.262,1.450,1.515,1.601,1.794,2.022,2.132,2.203,2.206,2.392,2.115,1.922,2.051,2.204,2.204,2.172,2.050,2.129,2.127,2.179,2.115,2.097,2.281,2.352,2.225,2.364
Algeria,0.557,0.535,0.488,0.456,0.462,0.526,0.653,0.636,0.663,0.802,1.042,1.255,1.855,2.439,1.976,1.929,2.293,2.383,3.454,2.446,3.461,2.343,1.920,2.494,3.267,3.245,3.302,3.538,3.434,3.188,2.636,2.536,2.448,2.659,2.536,2.540,2.440,2.449,2.469,2.532,2.532,2.377,2.524,2.599,2.597,2.684,2.787,2.942,2.994,3.192,3.145,3.222,3.388,3.406,3.566,3.674,3.535,3.506,3.592
Ecuador,0.388,0.352,0.326,0.363,0.421,0.434,0.448,0.466,0.544,0.610,0.706,0.676,0.715,0.796,0.895,1.053,1.128,1.014,1.375,1.563,1.683,2.036,2.294,2.267,2.404,2.143,1.644,1.587,1.770,2.028,1.525,1.543,1.606,1.472,1.519,1.727,1.922,1.970,1.917,1.665,1.685,1.813,1.795,1.792,1.870,1.964,2.071,2.069,2.083,2.195,2.308,2.329,2.367,2.510,2.583,2.512,2.366,2.250,2.314
Egypt,0.603,0.624,0.661,0.747,0.861,0.908,0.850,0.614,0.697,0.584,0.628,0.653,0.707,0.645,0.693,0.807,0.875,0.939,0.952,1.016,1.045,1.148,1.241,1.222,1.331,1.298,1.474,1.439,1.396,1.317,1.547,1.557,1.573,1.534,1.415,1.474,1.522,1.602,1.651,1.698,1.640,1.782,1.787,1.802,1.924,2.126,2.200,2.329,2.375,2.409,2.374,2.385,2.458,2.380,2.396,2.444,2.477,2.475,2.502
Eritrea,0.000,0.000,0.000,0.000,0.000,0.000,0.000,0.000,0.000,0.000,0.000,0.000,0.000,0.000,0.000,0.000,0.000,0.000,0.000,0.000,0.000,0.000,0.000,0.000,0.000,0.000,0.000,0.000,0.000,0.000,0.000,0.000,0.195,0.281,0.329,0.363,0.396,0.378,0.276,0.291,0.279,0.295,0.274,0.265,0.250,0.212,0.178,0.170,0.147,0.151,0.158,0.180,0.194,0.198,0.205,0.194,0.195,0.211,0.232
Spain,1.607,1.746,1.936,1.880,2.038,2.226,2.408,2.647,2.934,2.897,3.458,3.760,4.191,4.440,4.895,5.080,5.491,5.359,5.439,5.478,5.735,5.490,5.526,5.367,5.190,5.231,4.936,4.934,5.134,5.838,5.532,5.703,5.937,5.541,5.777,6.056,5.768,6.206,6.370,6.891,7.230,7.216,7.549,7.553,7.818,8.029,7.698,7.842,7.054,6.201,5.867,5.870,5.757,5.208,5.184,5.518,5.314,5.654,5.520
Estonia,0.000,0.000,0.000,0.000,0.000,0.000,0.000,0.000,0.000,0.000,0.000,0.000,0.000,0.000,0.000,0.000,0.000,0.000,0.000,0.000,0.000,0.000,0.000,0.000,0.000,0.000,0.000,0.000,0.000,0.000,22.317,20.086,15.511,12.261,12.226,11.297,12.157,12.025,11.730,10.933,10.609,11.015,10.773,12.278,12.418,12.637,11.798,14.806,13.679,11.210,14.180,13.598,12.686,14.560,13.556,11.685,11.894,12.358,12.103
Ethiopia,0.016,0.015,0.017,0.018,0.017,0.026,0.032,0.041,0.064,0.060,0.058,0.063,0.047,0.056,0.055,0.037,0.036,0.031,0.040,0.054,0.052,0.052,0.040,0.048,0.042,0.045,0.053,0.060,0.060,0.061,0.048,0.047,0.030,0.036,0.041,0.045,0.049,0.050,0.052,0.049,0.054,0.065,0.065,0.070,0.072,0.066,0.069,0.075,0.083,0.081,0.074,0.084,0.091,0.108,0.126,0.128,0.144,0.145,0.149
Finland,3.410,3.349,3.743,4.280,5.024,5.550,6.444,6.213,7.201,8.204,8.770,8.799,9.518,10.584,9.952,9.785,10.851,10.597,10.923,11.403,12.187,10.731,8.926,8.562,8.656,10.131,10.843,11.690,10.550,10.592,10.942,10.996,10.369,10.552,11.778,10.981,12.210,11.794,11.113,10.940,10.645,11.775,12.199,13.756,12.945,10.572,12.726,12.309,10.664,10.148,11.659,10.230,9.126,9.228,8.452,7.815,8.318,7.808,8.043
Fiji,0.494,0.414,0.548,0.555,0.944,0.743,0.677,0.729,0.794,0.849,1.000,1.035,1.067,1.138,1.187,1.081,0.824,1.281,1.167,1.351,1.253,1.662,1.257,1.043,0.832,0.814,0.842,0.660,0.766,0.870,1.002,0.993,1.021,0.993,0.980,0.980,1.045,1.009,0.975,0.992,1.048,1.327,1.128,1.323,1.785,1.558,1.655,1.507,1.136,1.136,1.349,1.286,1.191,1.305,1.512,1.738,1.994,2.063,2.151
France,5.817,5.953,6.235,6.875,7.014,7.063,6.899,7.327,7.516,8.015,8.449,8.830,9.106,9.709,9.312,8.287,9.325,8.828,9.249,9.636,9.162,8.203,7.841,7.543,7.195,7.076,6.768,6.588,6.459,6.742,6.122,6.501,6.264,5.914,5.806,5.917,6.158,5.989,6.333,6.199,6.127,6.142,6.005,6.054,6.027,6.028,5.841,5.669,5.564,5.314,5.351,5.104,5.122,5.101,4.592,4.666,4.687,4.728,4.619
Gabon,0.264,0.326,0.172,0.142,0.363,0.406,0.702,1.827,3.468,2.482,3.534,4.738,4.478,8.530,8.591,8.291,8.633,9.337,10.926,9.530,9.133,8.829,8.583,7.039,7.447,7.639,5.845,4.603,4.824,6.249,4.350,4.458,4.598,4.564,4.200,4.249,4.241,4.232,4.213,4.020,3.802,3.641,3.361,3.326,3.272,3.330,2.825,2.750,2.720,2.677,2.937,3.348,3.332,3.137,2.920,2.814,2.844,2.276,2.175
United Kingdom,11.151,11.154,11.143,11.255,11.266,11.456,11.319,10.784,10.993,11.343,11.732,11.823,11.562,11.746,10.984,10.736,10.655,10.762,10.767,11.465,10.287,9.955,9.740,9.688,9.382,9.900,10.035,10.068,10.021,10.192,9.724,9.932,9.604,9.365,9.252,9.037,9.364,8.957,8.977,8.901,9.001,9.210,8.931,9.088,9.040,8.950,8.902,8.629,8.323,7.469,7.676,7.025,7.332,7.065,6.422,6.149,5.775,5.546,5.399
Georgia,0.000,0.000,0.000,0.000,0.000,0.000,0.000,0.000,0.000,0.000,0.000,0.000,0.000,0.000,0.000,0.000,0.000,0.000,0.000,0.000,0.000,0.000,0.000,0.000,0.000,0.000,0.000,0.000,0.000,0.000,6.974,5.275,4.118,3.276,2.159,1.756,1.416,1.269,1.176,1.087,1.170,0.877,0.744,0.800,0.858,1.086,1.211,1.458,1.258,1.473,1.405,1.736,1.928,2.109,2.277,2.470,2.589,2.583,2.539
Ghana,0.221,0.197,0.203,0.236,0.219,0.220,0.181,0.184,0.212,0.198,0.301,0.256,0.263,0.261,0.301,0.275,0.239,0.289,0.280,0.246,0.232,0.269,0.261,0.304,0.208,0.260,0.231,0.242,0.247,0.233,0.189,0.168,0.197,0.198,0.209,0.218,0.234,0.240,0.332,0.350,0.298,0.314,0.366,0.344,0.311,0.322,0.377,0.394,0.363,0.412,0.450,0.481,0.547,0.564,0.528,0.543,0.495,0.508,0.541
Guinea,0.118,0.173,0.183,0.190,0.187,0.183,0.186,0.184,0.186,0.183,0.191,0.193,0.194,0.184,0.190,0.188,0.195,0.195,0.192,0.198,0.198,0.199,0.194,0.184,0.184,0.182,0.177,0.171,0.172,0.169,0.157,0.156,0.156,0.157,0.158,0.160,0.165,0.168,0.173,0.178,0.181,0.187,0.190,0.194,0.198,0.202,0.204,0.208,0.206,0.213,0.245,0.251,0.234,0.200,0.201,0.222,0.241,0.246,0.251
Gambia,0.050,0.059,0.068,0.076,0.074,0.072,0.079,0.077,0.084,0.106,0.103,0.115,0.134,0.123,0.119,0.183,0.177,0.197,0.234,0.238,0.247,0.240,0.238,0.230,0.237,0.228,0.204,0.216,0.210,0.196,0.199,0.201,0.195,0.198,0.192,0.195,0.189,0.192,0.202,0.204,0.182,0.228,0.214,0.207,0.214,0.220,0.226,0.244,0.255,0.276,0.245,0.243,0.241,0.224,0.257,0.254,0.247,0.244,0.250
Guinea-Bissau,0.030,0.047,0.064,0.075,0.091,0.102,0.100,0.071,0.092,0.085,0.099,0.102,0.090,0.147,0.136,0.148,0.124,0.133,0.133,0.142,0.188,0.180,0.176,0.172,0.190,0.198,0.205,0.213,0.232,0.242,0.174,0.170,0.176,0.182,0.169,0.165,0.162,0.177,0.147,0.161,0.125,0.122,0.120,0.156,0.160,0.156,0.160,0.163,0.152,0.155,0.158,0.160,0.156,0.158,0.165,0.161,0.168,0.164,0.165
Eq. Guinea,0.086,0.085,0.084,0.096,0.095,0.106,0.091,0.088,0.098,0.145,0.121,0.221,0.304,0.106,0.193,0.244,0.251,0.257,0.291,0.258,0.235,0.264,0.258,0.202,0.243,0.187,0.219,0.259,0.269,0.289,0.143,0.162,0.157,2.140,2.066,2.013,2.927,3.038,2.883,3.128,3.877,4.322,6.121,7.515,10.112,10.793,11.676,9.188,10.432,10.714,10.089,9.839,9.707,8.686,7.209,6.110,4.608,4.461,5.096
Greece,1.129,1.170,1.203,1.446,1.554,1.991,2.165,2.249,2.554,2.904,2.748,3.150,3.552,4.173,4.041,4.297,4.670,5.049,5.099,5.372,5.334,5.213,5.327,5.641,5.766,6.100,5.932,6.347,6.774,7.353,7.416,7.347,7.518,7.465,7.584,7.843,7.801,7.856,8.127,8.121,8.742,8.894,8.861,9.171,9.114,9.279,9.138,9.441,9.064,8.530,7.875,7.614,7.251,6.610,6.385,6.285,6.204,6.211,6.083
Greenland,6.883,8.705,7.544,9.067,8.387,8.793,9.598,9.977,12.505,9.065,8.219,9.944,11.464,11.375,11.260,10.203,4.427,14.623,7.975,11.533,11.249,10.354,10.040,6.968,10.785,9.581,6.100,4.338,9.970,8.554,0.000,0.000,0.000,0.000,0.000,0.000,0.000,0.000,0.000,0.000,0.000,0.000,0.000,0.000,0.000,0.000,0.000,0.000,0.000,0.000,0.000,0.000,0.000,0.000,0.000,0.000,0.000,0.000,0.000
Guatemala,0.326,0.331,0.316,0.338,0.382,0.414,0.355,0.393,0.413,0.429,0.421,0.437,0.473,0.501,0.512,0.575,0.528,0.595,0.629,0.698,0.655,0.561,0.499,0.426,0.446,0.447,0.457,0.479,0.482,0.482,0.434,0.433,0.506,0.522,0.541,0.617,0.587,0.607,0.750,0.725,0.813,0.826,0.862,0.849,0.848,0.890,0.871,0.921,0.818,0.846,0.803,0.808,0.822,0.865,0.911,1.050,1.103,1.026,1.114
Guyana,1.154,1.251,1.119,0.990,1.018,1.654,1.777,1.959,1.940,1.966,2.242,2.101,2.164,2.472,2.107,2.448,2.324,2.491,2.671,1.960,2.294,2.303,1.798,1.601,1.812,1.842,1.367,1.728,1.871,1.589,1.588,1.545,1.443,1.445,1.858,2.010,2.077,2.269,2.322,2.321,2.223,2.201,2.175,2.174,2.239,1.983,1.782,2.143,2.142,2.167,2.348,2.433,2.648,2.608,2.699,2.671,2.995,2.993,3.132
Honduras,0.302,0.352,0.325,0.321,0.317,0.320,0.334,0.352,0.478,0.446,0.512,0.476,0.533,0.509,0.509,0.529,0.547,0.597,0.593,0.542,0.559,0.480,0.451,0.497,0.478,0.445,0.419,0.479,0.536,0.567,0.496,0.482,0.522,0.539,0.589,0.680,0.669,0.673,0.757,0.747,0.767,0.866,0.885,0.953,1.045,0.942,1.052,1.103,1.084,1.000,0.987,1.035,1.058,1.062,1.056,1.083,1.014,0.955,1.019
Croatia,0.000,0.000,0.000,0.000,0.000,0.000,0.000,0.000,0.000,0.000,0.000,0.000,0.000,0.000,0.000,0.000,0.000,0.000,0.000,0.000,0.000,0.000,0.000,0.000,0.000,0.000,0.000,0.000,0.000,0.000,4.255,3.120,3.269,3.367,3.188,3.333,3.366,3.760,4.075,4.102,4.040,4.465,4.714,5.022,4.904,4.981,5.015,5.311,5.044,4.720,4.530,4.448,4.091,4.004,3.855,3.968,4.058,4.238,4.056
Haiti,0.074,0.075,0.076,0.061,0.072,0.071,0.070,0.059,0.059,0.069,0.082,0.085,0.081,0.086,0.095,0.095,0.130,0.134,0.140,0.137,0.133,0.133,0.140,0.148,0.147,0.149,0.130,0.138,0.151,0.150,0.145,0.139,0.123,0.094,0.025,0.116,0.134,0.158,0.160,0.166,0.174,0.186,0.209,0.203,0.185,0.186,0.184,0.215,0.210,0.203,0.247,0.277,0.244,0.262,0.290,0.310,0.314,0.307,0.299
Hungary,4.544,4.883,5.025,5.579,6.166,6.040,6.065,5.758,5.963,6.061,6.771,6.682,6.677,7.004,7.072,7.152,7.549,7.814,8.254,8.056,8.109,8.086,8.115,8.339,8.516,8.086,7.858,7.956,7.386,7.259,6.499,6.223,5.593,5.636,5.586,5.560,5.670,5.538,5.586,5.657,5.350,5.526,5.476,5.749,5.579,5.548,5.507,5.356,5.283,4.773,4.788,4.704,4.378,4.120,4.118,4.407,4.532,4.756,4.746
Indonesia,0.244,0.289,0.249,0.240,0.229,0.246,0.227,0.232,0.254,0.299,0.312,0.331,0.358,0.396,0.402,0.413,0.461,0.600,0.668,0.660,0.643,0.664,0.682,0.664,0.695,0.735,0.723,0.719,0.755,0.735,0.816,0.877,0.910,0.972,1.016,1.132,1.173,1.270,1.269,1.337,1.325,1.408,1.408,1.522,1.537,1.522,1.588,1.635,1.602,1.653,1.724,1.960,1.959,1.804,1.921,1.900,1.892,2.014,2.178
India,0.268,0.284,0.306,0.322,0.308,0.333,0.337,0.331,0.352,0.351,0.351,0.363,0.375,0.377,0.381,0.405,0.414,0.428,0.424,0.435,0.449,0.474,0.477,0.505,0.506,0.544,0.571,0.596,0.630,0.677,0.644,0.681,0.693,0.704,0.728,0.769,0.791,0.821,0.824,0.871,0.890,0.887,0.903,0.914,0.962,0.991,1.042,1.129,1.186,1.288,1.349,1.408,1.508,1.536,1.649,1.641,1.648,1.719,1.800
Ireland,3.953,4.378,4.626,4.719,4.965,4.773,5.231,5.655,6.113,6.313,6.565,7.519,7.262,7.408,7.428,6.914,6.885,7.180,7.080,8.118,7.693,7.541,7.329,7.323,7.227,7.554,8.059,8.530,8.466,8.550,8.822,8.916,8.878,8.870,9.166,9.288,9.616,9.839,10.416,10.728,11.201,11.616,11.201,11.065,11.021,11.245,11.187,10.689,10.324,9.044,8.910,7.939,8.066,7.725,7.632,7.867,8.140,7.807,7.624
Iran,1.707,1.625,1.624,1.746,1.957,2.155,2.504,2.582,3.048,2.994,3.222,3.474,3.528,4.193,4.527,4.258,4.643,4.711,4.518,4.405,3.128,2.808,3.296,3.433,3.313,3.396,3.013,3.117,3.318,3.488,3.180,3.774,3.971,3.872,4.311,4.433,4.499,4.616,4.577,5.037,5.193,5.282,5.480,5.735,6.087,6.468,6.956,7.342,7.406,7.562,7.468,7.526,7.561,7.747,7.883,7.672,7.613,7.695,7.693
Iraq,1.134,1.167,1.177,1.191,1.117,2.306,3.202,2.056,2.129,2.360,2.411,2.814,2.788,2.798,2.735,2.838,4.044,3.507,3.290,3.997,3.337,2.287,2.122,2.615,2.647,2.872,3.001,3.253,4.089,4.310,3.723,2.614,3.662,4.683,5.104,4.769,4.726,5.401,3.684,2.834,3.174,3.482,3.185,2.811,2.861,3.277,3.056,2.776,3.031,3.711,4.042,4.265,4.762,4.902,4.906,4.559,4.708,4.641,4.895
Iceland,6.913,6.104,6.575,7.032,6.927,7.266,7.650,7.269,7.917,6.221,6.798,7.153,7.101,8.256,8.094,7.419,7.745,8.597,8.612,8.805,8.181,7.596,6.837,6.530,7.579,6.744,7.344,7.532,7.400,7.527,7.652,7.409,7.470,7.508,7.857,7.478,8.441,7.930,7.845,7.643,7.930,7.580,7.791,7.702,7.943,7.717,7.670,7.639,6.868,6.625,6.163,5.925,5.800,6.270,6.262,6.227,6.171,6.319,6.237
Israel,3.060,3.236,3.464,3.451,3.697,5.051,5.172,4.933,4.927,5.151,5.574,5.294,5.379,5.891,5.758,5.687,5.551,5.506,5.739,5.552,5.453,5.362,5.974,5.831,5.709,5.875,6.194,6.268,6.765,7.029,7.253,6.975,7.195,7.698,8.031,8.435,8.561,8.734,8.625,8.650,9.063,9.000,9.297,9.401,9.276,8.801,9.120,9.274,9.126,8.780,9.249,8.991,9.615,8.313,7.876,7.893,7.636,7.579,6.976
Italy,2.178,2.465,2.878,3.215,3.405,3.642,4.079,4.431,4.687,5.043,5.513,5.762,6.049,6.471,6.522,6.174,6.592,6.365,6.646,6.880,6.892,6.690,6.538,6.389,6.498,6.576,6.475,6.778,6.883,7.215,7.145,7.119,7.083,6.984,6.901,7.326,7.248,7.304,7.492,7.608,7.662,7.663,7.772,8.064,8.189,8.174,8.026,7.861,7.564,6.719,6.837,6.681,6.328,5.752,5.387,5.563,5.498,5.438,5.376
Jamaica,0.903,1.290,1.264,1.408,2.350,1.704,1.977,2.145,2.127,2.310,2.663,3.021,3.250,4.219,3.804,4.038,3.543,3.579,4.331,4.003,3.908,3.375,2.784,2.839,2.231,2.160,1.930,2.266,1.895,2.800,3.087,3.034,3.312,3.349,3.340,3.426,3.533,3.560,3.726,3.791,3.790,3.769,3.806,3.909,3.879,3.854,4.378,4.342,3.458,2.818,2.661,2.689,2.502,2.652,2.574,2.522,2.667,2.462,2.900
Jordan,0.798,1.005,1.038,1.163,1.128,1.212,1.250,1.026,1.005,1.088,0.905,0.916,1.018,1.131,1.110,1.207,1.390,1.452,1.627,1.648,1.988,2.379,2.455,2.756,3.000,2.945,3.078,3.085,2.860,2.716,2.785,2.601,2.997,2.904,2.945,2.964,2.931,2.964,2.955,2.908,3.176,3.115,3.173,3.185,3.330,3.446,3.366,3.372,3.052,2.997,2.782,2.709,2.981,2.794,2.869,2.737,2.602,2.667,2.479
Japan,2.497,3.010,3.089,3.391,3.708,3.950,4.246,4.905,5.569,6.398,7.435,7.546,7.961,8.424,8.314,7.798,8.059,8.213,7.866,8.246,8.112,7.901,7.598,7.408,7.829,7.575,7.535,7.420,8.069,8.333,8.848,8.919,8.981,8.889,9.290,9.347,9.433,9.313,8.950,9.207,9.326,9.207,9.471,9.519,9.479,9.500,9.310,9.581,9.055,8.600,9.027,9.482,9.811,9.894,9.584,9.293,9.224,9.086,8.742
Kazakhstan,0.000,0.000,0.000,0.000,0.000,0.000,0.000,0.000,0.000,0.000,0.000,0.000,0.000,0.000,0.000,0.000,0.000,0.000,0.000,0.000,0.000,0.000,0.000,0.000,0.000,0.000,0.000,0.000,0.000,0.000,14.532,15.046,15.551,13.330,12.143,10.905,9.622,8.270,8.647,7.921,7.705,7.529,8.174,9.142,10.006,10.727,11.772,12.213,14.706,12.690,13.698,14.627,14.381,15.047,11.871,11.779,12.533,12.505,12.062
Kenya,0.299,0.287,0.304,0.320,0.307,0.259,0.272,0.265,0.268,0.287,0.273,0.315,0.319,0.311,0.379,0.367,0.327,0.345,0.350,0.319,0.377,0.383,0.265,0.253,0.226,0.190,0.202,0.242,0.216,0.226,0.259,0.240,0.235,0.224,0.218,0.229,0.244,0.226,0.237,0.241,0.257,0.232,0.220,0.188,0.209,0.227,0.247,0.242,0.249,0.286,0.301,0.302,0.274,0.310,0.322,0.357,0.383,0.376,0.358
Cambodia,0.041,0.049,0.051,0.063,0.054,0.062,0.071,0.063,0.072,0.196,0.168,0.035,0.016,0.017,0.010,0.010,0.010,0.010,0.007,0.004,0.043,0.045,0.049,0.051,0.055,0.054,0.054,0.053,0.053,0.052,0.140,0.140,0.140,0.138,0.142,0.142,0.147,0.150,0.167,0.161,0.161,0.173,0.175,0.185,0.182,0.199,0.219,0.263,0.284,0.336,0.344,0.357,0.367,0.371,0.434,0.553,0.628,0.710,0.687
South Korea,0.502,0.561,0.652,0.774,0.794,0.871,1.020,1.167,1.208,1.348,1.668,1.783,1.801,2.143,2.182,2.319,2.603,2.903,3.068,3.549,3.538,3.609,3.608,3.781,4.057,4.370,4.427,4.629,5.281,5.556,5.814,6.329,6.771,7.391,7.913,8.523,8.982,9.368,7.900,8.601,9.694,9.933,9.696,9.701,10.085,9.963,10.053,10.301,10.462,10.655,11.589,11.961,11.932,11.851,11.548,11.889,12.003,12.175,12.225
Kuwait,29.006,33.208,42.361,44.952,59.767,75.036,67.190,44.080,35.458,38.944,33.638,33.982,32.438,26.768,20.097,16.470,17.013,14.928,17.157,13.632,18.028,17.518,14.042,13.703,17.170,16.804,19.277,16.231,16.176,17.147,13.959,17.600,0.000,0.000,0.000,21.047,20.248,19.909,21.784,22.407,23.065,24.162,24.984,25.735,27.035,29.623,29.351,27.452,27.451,26.600,26.154,25.618,24.961,24.178,22.645,22.953,22.715,22.120,21.623
Laos,0.038,0.052,0.059,0.065,0.074,0.075,0.096,0.128,0.066,0.122,0.213,0.153,0.172,0.177,0.098,0.083,0.072,0.074,0.073,0.070,0.057,0.045,0.046,0.051,0.051,0.056,0.055,0.054,0.053,0.056,0.120,0.126,0.131,0.132,0.133,0.138,0.151,0.156,0.159,0.162,0.169,0.185,0.202,0.206,0.214,0.219,0.281,0.291,0.339,0.413,0.461,0.479,0.507,0.598,0.666,1.285,2.244,2.662,2.661
Lebanon,1.430,1.440,1.484,1.526,1.601,1.586,1.699,1.642,1.674,1.934,1.719,2.268,2.369,2.890,2.851,2.497,2.360,2.142,2.200,2.376,2.387,2.448,2.346,2.791,2.673,3.038,2.916,2.987,2.853,2.954,2.005,2.410,2.282,3.182,3.311,3.769,3.911,4.409,4.400,4.544,4.078,4.232,4.027,3.967,3.913,3.678,3.410,3.157,3.916,4.554,4.216,4.071,4.240,3.930,3.983,4.141,4.142,4.294,4.040
Liberia,0.148,0.141,0.217,0.298,0.397,0.448,0.481,0.470,0.662,0.931,1.037,1.062,1.022,0.978,1.107,0.928,0.898,0.871,0.866,1.085,1.102,1.011,0.302,0.346,0.332,0.337,0.338,0.356,0.383,0.317,0.217,0.181,0.200,0.212,0.211,0.205,0.199,0.193,0.195,0.148,0.151,0.152,0.149,0.156,0.179,0.208,0.207,0.185,0.150,0.144,0.188,0.212,0.230,0.214,0.280,0.282,0.307,0.268,0.274
Libya,0.478,0.798,0.676,0.910,0.398,0.586,1.458,9.850,15.386,17.395,15.154,9.715,6.545,6.001,3.684,4.378,6.504,7.016,7.129,8.406,8.357,8.606,8.839,8.414,7.640,8.111,8.526,7.924,8.624,8.622,8.134,7.332,6.515,6.486,7.397,7.576,7.823,7.608,7.678,7.214,7.441,7.611,7.883,7.878,7.966,8.473,8.386,7.748,8.495,8.772,9.234,6.090,8.320,8.700,9.384,8.388,7.883,8.633,8.825
Sri Lanka,0.229,0.231,0.248,0.239,0.210,0.239,0.234,0.253,0.272,0.354,0.288,0.251,0.272,0.278,0.217,0.211,0.200,0.205,0.237,0.259,0.227,0.264,0.290,0.311,0.243,0.245,0.226,0.245,0.207,0.204,0.222,0.227,0.296,0.284,0.319,0.319,0.455,0.452,0.464,0.509,0.582,0.574,0.597,0.646,0.664,0.715,0.630,0.685,0.641,0.611,0.645,0.756,0.824,0.703,0.847,0.971,1.034,1.087,0.998
Lesotho,0.000,0.000,0.000,0.000,0.000,0.000,0.000,0.000,0.000,0.000,0.000,0.000,0.000,0.000,0.000,0.000,0.000,0.000,0.000,0.000,0.000,0.000,0.000,0.000,0.000,0.000,0.000,0.000,0.000,0.000,0.816,0.832,0.842,0.845,0.849,0.848,0.848,0.849,0.856,0.852,0.861,0.869,0.887,0.902,0.932,0.952,0.965,0.986,1.012,1.055,1.082,1.103,1.132,1.129,1.130,1.083,1.094,1.167,1.219
Lithuania,0.000,0.000,0.000,0.000,0.000,0.000,0.000,0.000,0.000,0.000,0.000,0.000,0.000,0.000,0.000,0.000,0.000,0.000,0.000,0.000,0.000,0.000,0.000,0.000,0.000,0.000,0.000,0.000,0.000,0.000,8.713,9.257,5.400,4.274,4.050,3.786,3.951,3.894,4.144,3.476,3.003,3.212,3.259,3.288,3.527,3.862,3.982,4.088,4.084,3.696,4.068,3.910,3.993,3.831,3.703,3.811,3.905,3.967,4.137
Luxembourg,36.685,36.584,36.013,35.324,37.548,36.814,34.804,33.912,36.534,39.093,40.533,38.553,38.934,40.432,40.590,32.997,32.824,30.241,32.729,33.410,30.281,25.814,24.238,22.677,24.397,25.000,24.460,23.382,23.910,25.614,29.645,30.439,29.222,29.360,26.903,21.242,21.148,19.716,17.871,18.468,19.665,20.701,22.054,22.718,25.497,25.669,24.839,23.209,22.593,21.013,21.817,21.086,20.134,18.680,17.346,16.029,15.223,15.092,15.330
Latvia,0.000,0.000,0.000,0.000,0.000,0.000,0.000,0.000,0.000,0.000,0.000,0.000,0.000,0.000,0.000,0.000,0.000,0.000,0.000,0.000,0.000,0.000,0.000,0.000,0.000,0.000,0.000,0.000,0.000,0.000,7.052,6.489,5.344,4.588,4.054,3.622,3.667,3.506,3.373,3.158,2.927,3.149,3.182,3.317,3.367,3.448,3.696,3.877,3.725,3.437,4.062,3.835,3.721,3.702,3.651,3.702,3.649,3.666,3.959
Morocco,0.295,0.297,0.235,0.294,0.319,0.299,0.375,0.362,0.368,0.372,0.456,0.502,0.482,0.565,0.640,0.624,0.635,0.682,0.686,0.818,0.798,0.774,0.813,0.828,0.810,0.794,0.822,0.858,0.886,0.941,0.876,0.928,0.982,0.993,1.058,1.082,1.055,1.093,1.105,1.146,1.156,1.268,1.299,1.283,1.400,1.461,1.499,1.532,1.591,1.583,1.659,1.763,1.809,1.771,1.789,1.822,1.796,1.853,1.851
Moldova,0.000,0.000,0.000,0.000,0.000,0.000,0.000,0.000,0.000,0.000,0.000,0.000,0.000,0.000,0.000,0.000,0.000,0.000,0.000,0.000,0.000,0.000,0.000,0.000,0.000,0.000,0.000,0.000,0.000,0.000,10.283,8.267,6.825,5.856,4.770,4.112,3.530,3.263,2.948,2.509,2.295,2.406,2.467,2.677,2.687,2.832,2.771,2.833,2.842,2.667,2.901,2.920,2.847,2.512,2.699,2.829,2.905,2.962,3.172
Madagascar,0.078,0.068,0.074,0.084,0.086,0.097,0.098,0.139,0.146,0.133,0.148,0.152,0.185,0.150,0.162,0.224,0.128,0.106,0.124,0.134,0.186,0.114,0.110,0.069,0.089,0.105,0.110,0.121,0.118,0.083,0.077,0.080,0.078,0.079,0.093,0.102,0.094,0.099,0.110,0.109,0.105,0.103,0.067,0.090,0.093,0.093,0.087,0.089,0.089,0.082,0.088,0.101,0.123,0.128,0.129,0.137,0.129,0.137,0.128
Mexico,1.671,1.676,1.587,1.601,1.737,1.705,1.778,1.919,1.941,2.048,2.215,2.380,2.422,2.562,2.674,2.759,3.007,3.067,3.452,3.643,3.962,4.099,4.290,3.830,3.734,3.797,3.796,3.881,3.801,4.393,3.189,3.346,3.328,3.394,3.616,3.344,3.501,3.691,3.884,3.698,3.888,3.816,3.823,3.948,3.963,4.079,4.181,4.236,4.308,4.106,4.110,4.157,4.099,3.954,3.808,3.878,3.886,3.781,3.741
North Macedonia,0.000,0.000,0.000,0.000,0.000,0.000,0.000,0.000,0.000,0.000,0.000,0.000,0.000,0.000,0.000,0.000,0.000,0.000,0.000,0.000,0.000,0.000,0.000,0.000,0.000,0.000,0.000,0.000,0.000,0.000,4.303,4.204,4.319,4.481,4.335,4.321,5.082,4.521,4.910,4.515,4.335,4.401,4.114,4.485,4.336,4.543,4.542,4.750,4.634,4.331,4.216,4.651,4.402,3.969,3.744,3.597,3.552,3.775,3.538
Mali,0.023,0.022,0.026,0.032,0.032,0.036,0.034,0.039,0.034,0.028,0.034,0.038,0.040,0.043,0.048,0.053,0.052,0.062,0.058,0.062,0.055,0.055,0.050,0.055,0.057,0.052,0.048,0.045,0.047,0.050,0.050,0.050,0.051,0.051,0.050,0.049,0.050,0.053,0.074,0.075,0.129,0.143,0.121,0.117,0.120,0.129,0.143,0.152,0.148,0.172,0.185,0.201,0.195,0.185,0.184,0.196,0.246,0.273,0.295
Myanmar,0.125,0.117,0.127,0.114,0.121,0.112,0.113,0.142,0.113,0.121,0.169,0.183,0.171,0.141,0.156,0.150,0.156,0.162,0.157,0.152,0.161,0.161,0.157,0.158,0.176,0.177,0.175,0.126,0.103,0.110,0.101,0.098,0.101,0.112,0.130,0.158,0.164,0.161,0.173,0.196,0.205,0.180,0.177,0.226,0.216,0.226,0.207,0.212,0.161,0.152,0.164,0.168,0.229,0.262,0.326,0.361,0.413,0.588,0.605
Montenegro,0.000,0.000,0.000,0.000,0.000,0.000,0.000,0.000,0.000,0.000,0.000,0.000,0.000,0.000,0.000,0.000,0.000,0.000,0.000,0.000,0.000,0.000,0.000,0.000,0.000,0.000,0.000,0.000,0.000,0.000,0.000,0.000,0.000,0.000,0.000,0.000,0.000,0.000,0.000,0.000,0.000,0.000,0.000,0.000,0.000,3.272,3.545,3.410,4.360,2.830,4.165,4.096,3.754,3.654,3.570,3.793,3.391,3.583,4.050
Mongolia,1.355,1.419,1.951,1.537,1.904,1.769,1.715,1.835,2.057,2.161,2.228,2.305,2.419,2.490,2.608,2.748,2.896,3.183,3.605,3.827,4.071,3.833,3.804,3.838,3.447,4.698,4.895,5.206,5.549,4.936,5.938,6.655,5.732,5.236,4.525,4.473,3.751,3.648,3.630,3.623,3.754,3.707,3.929,3.771,3.830,4.378,4.854,5.020,4.928,5.101,5.261,5.678,6.068,6.378,6.163,5.770,5.945,6.253,6.725
Mozambique,0.262,0.359,0.265,0.216,0.273,0.250,0.259,0.223,0.323,0.368,0.331,0.392,0.349,0.369,0.318,0.284,0.245,0.253,0.260,0.233,0.276,0.209,0.208,0.159,0.122,0.090,0.077,0.077,0.079,0.081,0.086,0.071,0.080,0.090,0.074,0.076,0.073,0.079,0.074,0.071,0.081,0.077,0.084,0.099,0.096,0.083,0.088,0.103,0.101,0.110,0.116,0.132,0.123,0.135,0.170,0.209,0.208,0.210,0.225
Mauritania,0.043,0.054,0.069,0.095,0.123,0.164,0.177,0.189,0.217,0.247,0.374,0.338,0.367,0.374,0.375,0.383,0.377,0.395,0.401,0.404,0.409,0.418,0.541,0.558,0.504,0.369,0.204,1.748,1.674,1.438,0.413,0.412,0.415,0.414,0.421,0.432,0.447,0.431,0.397,0.433,0.426,0.437,0.457,0.455,0.480,0.479,0.469,0.537,0.546,0.586,0.592,0.609,0.648,0.576,0.641,0.729,0.675,0.887,0.908
Malawi,0.000,0.000,0.000,0.000,0.082,0.084,0.101,0.084,0.087,0.083,0.097,0.104,0.110,0.112,0.105,0.108,0.105,0.112,0.114,0.105,0.114,0.094,0.090,0.085,0.080,0.077,0.072,0.067,0.063,0.062,0.077,0.082,0.082,0.091,0.093,0.092,0.091,0.093,0.087,0.088,0.079,0.077,0.073,0.073,0.074,0.072,0.072,0.073,0.080,0.079,0.072,0.076,0.073,0.076,0.068,0.072,0.079,0.085,0.087
Malaysia,0.437,0.475,0.469,0.554,0.694,0.681,0.786,0.844,0.826,0.903,1.352,1.508,1.582,1.511,1.605,1.599,1.916,1.768,1.771,2.027,2.029,2.181,2.113,2.562,2.284,2.323,2.492,2.467,2.510,2.846,3.117,3.420,3.624,3.654,3.854,4.094,4.554,4.754,4.659,4.934,5.245,5.347,5.632,5.823,6.251,6.477,6.590,7.049,7.385,6.527,7.059,7.039,6.993,7.459,7.757,7.682,7.451,7.166,7.600
Namibia,0.000,0.000,0.000,0.000,0.000,0.000,0.000,0.000,0.000,0.000,0.000,0.000,0.000,0.000,0.000,0.000,0.000,0.000,0.000,0.000,0.000,0.000,0.000,0.000,0.000,0.000,0.000,0.000,0.000,0.000,0.000,0.759,0.804,0.913,1.030,1.087,1.154,1.160,1.167,1.123,1.081,1.349,1.150,1.208,1.248,1.305,1.288,1.306,1.449,1.456,1.477,1.539,1.613,1.710,1.759,1.845,1.849,1.802,1.736
New Caledonia,10.908,10.929,6.771,7.231,12.487,13.614,16.158,15.276,18.501,14.985,21.380,20.169,13.587,20.233,21.246,19.096,17.842,15.747,11.228,11.861,14.296,9.768,8.683,7.768,7.955,9.426,8.926,9.093,9.210,9.865,0.000,0.000,0.000,0.000,0.000,0.000,0.000,0.000,0.000,0.000,0.000,0.000,0.000,0.000,0.000,0.000,0.000,0.000,0.000,0.000,0.000,0.000,0.000,0.000,0.000,0.000,0.000,0.000,0.000
Niger,0.009,0.016,0.018,0.024,0.025,0.023,0.034,0.032,0.038,0.043,0.048,0.050,0.053,0.067,0.057,0.064,0.063,0.067,0.074,0.083,0.096,0.111,0.118,0.148,0.148,0.144,0.127,0.137,0.131,0.134,0.075,0.069,0.062,0.068,0.063,0.059,0.065,0.064,0.066,0.062,0.059,0.056,0.057,0.060,0.060,0.056,0.053,0.056,0.056,0.068,0.083,0.082,0.106,0.097,0.103,0.098,0.095,0.096,0.102
Nigeria,0.075,0.089,0.089,0.111,0.148,0.235,0.252,0.245,0.124,0.221,0.385,0.563,0.706,0.825,1.010,0.748,0.847,0.752,0.697,0.985,0.928,0.874,0.847,0.755,0.855,0.836,0.857,0.674,0.783,0.457,0.713,0.774,0.863,0.822,0.765,0.755,0.788,0.736,0.659,0.626,0.622,0.679,0.670,0.672,0.655,0.709,0.647,0.616,0.609,0.481,0.572,0.627,0.602,0.645,0.659,0.597,0.583,0.592,0.667
Nicaragua,0.300,0.307,0.350,0.433,0.473,0.378,0.451,0.492,0.544,0.551,0.584,0.607,0.628,0.693,0.717,0.687,0.769,0.951,0.855,0.540,0.621,0.637,0.612,0.564,0.508,0.533,0.592,0.624,0.563,0.362,0.462,0.450,0.513,0.493,0.555,0.570,0.595,0.626,0.717,0.709,0.744,0.764,0.778,0.856,0.839,0.791,0.818,0.835,0.787,0.764,0.774,0.808,0.784,0.741,0.775,0.847,0.853,0.846,0.806
Netherlands,6.399,6.520,7.061,7.624,7.988,8.174,8.322,8.476,8.920,9.001,10.886,10.677,11.839,12.325,11.845,11.197,12.319,11.856,12.233,13.379,12.545,11.578,9.385,9.623,10.056,10.209,9.957,10.404,9.954,10.984,9.922,10.250,10.093,10.351,10.233,10.631,11.199,10.665,10.627,10.223,10.191,10.432,10.372,10.506,10.574,10.292,10.015,10.050,10.057,9.712,10.301,9.517,9.401,9.350,8.888,9.334,9.293,9.101,8.773
Norway,3.659,3.699,3.869,4.087,4.382,4.407,5.213,5.107,5.539,5.775,7.228,6.968,7.482,7.707,6.950,7.405,7.282,7.685,8.572,8.408,9.314,9.837,9.977,9.083,9.772,9.805,11.297,9.723,10.092,11.682,6.884,6.396,7.104,7.428,7.764,7.593,7.772,8.129,8.469,8.824,7.589,7.705,7.596,8.132,8.158,7.867,8.016,8.069,7.774,7.756,8.562,8.108,7.793,7.522,7.451,7.447,7.250,6.993,7.031
Nepal,0.008,0.008,0.008,0.009,0.014,0.016,0.017,0.019,0.022,0.034,0.019,0.016,0.021,0.033,0.032,0.026,0.021,0.024,0.023,0.035,0.036,0.030,0.028,0.031,0.043,0.040,0.041,0.050,0.055,0.050,0.050,0.061,0.062,0.069,0.083,0.088,0.089,0.097,0.101,0.133,0.134,0.143,0.113,0.120,0.111,0.124,0.101,0.102,0.112,0.144,0.172,0.192,0.222,0.226,0.265,0.239,0.343,0.399,0.428
New Zealand,4.867,4.863,4.517,4.830,5.069,5.212,5.238,5.008,4.908,5.147,5.050,5.279,5.578,6.147,6.203,5.923,6.185,6.506,5.770,5.299,5.608,5.289,5.779,5.615,5.979,6.715,7.052,7.363,7.735,7.700,6.700,6.469,6.906,6.693,6.707,6.637,6.833,7.357,7.166,7.486,7.647,8.174,7.998,8.304,8.042,8.288,8.199,7.905,8.068,7.279,7.155,6.923,7.262,7.148,7.039,6.984,6.614,6.839,6.573
Oman,0.000,0.000,0.000,0.000,0.018,0.041,0.046,0.206,0.237,0.335,0.324,2.796,2.692,2.617,2.774,8.228,8.979,8.701,7.548,7.073,5.238,4.930,4.445,5.534,5.632,5.780,6.325,5.843,6.309,5.781,6.561,8.502,7.513,6.795,6.428,7.077,7.073,7.663,7.674,9.060,9.938,11.015,11.538,11.596,11.253,11.098,14.538,15.441,14.569,14.856,15.279,16.111,16.767,16.200,16.008,16.005,15.525,14.981,15.192
Pakistan,0.315,0.318,0.341,0.383,0.384,0.392,0.389,0.402,0.449,0.424,0.419,0.386,0.308,0.318,0.330,0.348,0.332,0.344,0.357,0.374,0.411,0.426,0.448,0.467,0.480,0.512,0.519,0.545,0.574,0.583,0.567,0.544,0.587,0.630,0.634,0.668,0.674,0.682,0.669,0.712,0.691,0.684,0.684,0.690,0.757,0.759,0.808,0.872,0.828,0.827,0.784,0.773,0.768,0.759,0.787,0.820,0.887,0.951,0.982
Panama,0.880,0.946,0.991,0.956,0.974,1.163,1.224,1.218,1.408,1.391,1.451,1.666,1.743,1.961,1.778,2.099,2.016,1.884,1.508,1.654,1.579,1.649,1.588,1.647,1.328,1.185,1.214,1.381,1.237,1.043,1.089,1.241,1.413,1.445,1.505,1.591,1.577,1.626,1.964,1.686,1.742,2.013,1.718,1.723,1.716,2.138,2.208,2.166,2.076,2.431,2.523,2.695,2.774,2.766,2.891,2.696,2.668,2.496,2.428
Peru,0.805,0.827,0.928,0.925,1.078,1.022,1.100,1.102,1.139,1.169,1.321,1.345,1.278,1.352,1.422,1.424,1.417,1.436,1.346,1.302,1.375,1.340,1.285,1.084,1.071,0.987,1.080,1.246,1.187,1.010,0.935,0.877,0.901,0.920,0.937,1.045,1.121,1.109,1.038,1.106,1.074,0.984,1.017,0.984,1.133,1.125,1.106,1.204,1.350,1.448,1.570,1.660,1.639,1.663,1.755,1.766,1.828,1.717,1.697
Philippines,0.317,0.321,0.369,0.396,0.429,0.452,0.506,0.555,0.658,0.657,0.692,0.749,0.697,0.808,0.761,0.788,0.828,0.842,0.836,0.828,0.781,0.712,0.700,0.689,0.587,0.517,0.524,0.571,0.642,0.649,0.660,0.636,0.673,0.713,0.755,0.886,0.945,1.031,1.003,0.949,0.938,0.900,0.896,0.900,0.901,0.905,0.806,0.834,0.844,0.839,0.889,0.884,0.906,0.989,1.039,1.113,1.205,1.299,1.334
Papua New Guinea,0.080,0.088,0.085,0.108,0.110,0.122,0.134,0.168,0.189,0.205,0.249,0.290,0.435,0.450,0.518,0.488,0.489,0.479,0.495,0.517,0.512,0.527,0.517,0.519,0.515,0.521,0.493,0.544,0.500,0.452,0.470,0.461,0.451,0.447,0.405,0.411,0.420,0.441,0.475,0.455,0.482,0.566,0.592,0.654,0.773,0.751,0.713,0.740,0.679,0.701,0.687,0.689,0.642,0.672,0.739,0.793,0.922,0.913,0.867
Poland,6.740,6.923,7.154,7.529,7.807,7.862,7.976,8.106,8.549,9.022,9.320,9.555,9.982,10.077,10.300,11.041,11.615,12.079,12.357,12.554,13.059,11.423,11.653,11.548,11.757,11.986,12.104,12.354,11.791,11.164,9.190,9.194,8.950,8.945,8.815,8.809,9.199,8.917,8.235,7.992,7.729,7.676,7.514,7.792,7.905,7.896,8.235,8.220,8.087,7.792,8.247,8.160,7.970,7.842,7.517,7.609,7.894,8.238,8.235
Puerto Rico,0.000,0.000,0.000,0.000,0.000,0.000,0.000,0.000,0.000,0.000,0.000,0.000,0.000,0.000,0.000,0.000,0.000,0.000,0.000,0.000,0.000,0.000,0.000,0.000,0.000,0.000,0.000,0.000,0.000,0.000,0.000,0.000,0.000,0.000,0.000,0.000,0.000,0.000,0.000,0.000,0.000,0.000,0.000,0.000,0.000,0.000,0.000,0.000,0.000,0.000,0.000,0.000,0.000,0.000,0.000,0.000,0.000,0.000,0.000
North Korea,2.085,2.268,2.588,2.724,2.903,3.528,3.704,3.966,4.359,4.578,5.104,7.263,5.892,6.248,6.377,6.620,6.656,6.779,6.374,6.415,6.550,6.474,6.516,6.868,7.274,7.676,8.222,9.079,10.245,10.735,6.079,5.694,5.001,4.548,4.113,3.816,3.347,3.023,2.704,2.929,3.132,3.216,3.051,3.090,3.132,3.246,3.282,2.714,2.996,2.266,2.103,1.501,1.552,1.116,1.254,1.005,1.189,0.880,0.709
Portugal,0.929,1.018,1.034,1.110,1.220,1.289,1.327,1.398,1.472,1.669,1.758,1.898,2.126,2.317,2.366,2.349,2.397,2.404,2.379,2.591,2.763,2.764,2.952,3.031,2.908,2.734,3.042,3.144,3.286,4.119,4.114,4.294,4.699,4.595,4.734,5.056,4.843,5.038,5.472,6.088,5.992,5.923,6.297,5.787,5.926,6.233,5.745,5.577,5.384,5.327,4.818,4.724,4.586,4.452,4.416,4.813,4.722,5.178,4.841
Paraguay,0.160,0.186,0.196,0.199,0.205,0.253,0.230,0.213,0.251,0.216,0.301,0.250,0.275,0.327,0.350,0.301,0.361,0.395,0.484,0.430,0.469,0.425,0.406,0.408,0.419,0.422,0.440,0.486,0.541,0.546,0.490,0.466,0.556,0.619,0.716,0.791,0.761,0.822,0.836,0.819,0.661,0.667,0.683,0.699,0.693,0.635,0.648,0.659,0.687,0.709,0.807,0.824,0.807,0.814,0.853,0.952,1.055,1.165,1.210
Qatar,3.715,3.137,3.389,99.457,92.866,85.461,78.621,77.506,75.971,71.101,69.107,76.649,82.638,87.690,68.268,66.683,59.781,54.446,54.867,69.990,58.574,51.859,44.563,36.433,36.136,33.448,33.430,27.241,26.890,31.032,26.329,29.978,29.632,30.889,32.049,33.149,34.275,36.333,37.729,40.229,36.677,38.194,43.066,42.403,42.358,47.700,43.981,41.898,38.443,34.545,33.545,32.306,33.373,31.927,32.694,32.471,32.128,32.179,32.416
Romania,2.904,3.006,3.420,3.699,3.812,4.136,4.381,4.716,5.060,5.580,5.931,6.150,6.410,6.957,7.178,7.620,8.109,8.200,8.833,8.876,8.854,8.865,8.710,8.890,8.360,8.549,8.852,9.245,9.228,9.246,7.440,6.190,5.527,5.168,5.063,5.322,5.480,5.029,4.416,3.805,3.960,4.252,4.307,4.618,4.509,4.494,4.668,4.618,4.636,3.953,3.828,4.167,4.075,3.603,3.587,3.679,3.611,3.783,3.845
Russia,12.082,12.323,12.790,13.565,14.267,14.967,15.717,16.341,16.705,17.298,18.091,19.091,19.976,20.704,21.373,22.342,23.041,23.660,24.303,24.333,25.113,24.475,24.782,24.987,25.022,26.776,26.657,26.368,26.899,26.148,14.631,14.431,13.501,12.271,10.868,10.547,10.356,9.648,9.606,9.891,10.161,10.211,10.266,10.523,10.649,10.667,11.116,11.145,11.301,10.471,11.083,11.624,11.640,11.317,11.173,10.809,10.606,10.777,11.127
Rwanda,0.036,0.046,0.028,0.027,0.012,0.015,0.013,0.012,0.016,0.016,0.016,0.016,0.017,0.017,0.017,0.040,0.059,0.058,0.060,0.060,0.096,0.113,0.111,0.122,0.107,0.100,0.093,0.091,0.098,0.095,0.071,0.066,0.072,0.077,0.077,0.077,0.076,0.075,0.069,0.067,0.066,0.063,0.062,0.060,0.060,0.058,0.056,0.058,0.056,0.057,0.057,0.063,0.068,0.072,0.073,0.082,0.090,0.088,0.088
Saudi Arabia,0.655,0.847,1.434,1.538,1.507,0.871,1.279,4.910,5.402,6.304,7.760,9.804,11.003,14.174,14.004,11.232,13.014,14.398,13.315,15.117,17.480,17.019,14.387,13.764,12.539,13.161,14.853,13.202,13.441,13.005,10.250,11.126,11.535,11.609,12.012,11.932,12.299,11.075,11.647,11.614,11.825,11.725,12.241,12.384,12.718,12.973,13.403,13.799,14.765,15.007,16.018,16.155,16.764,16.617,17.363,17.692,17.160,16.335,15.269
Sudan,0.180,0.178,0.186,0.204,0.219,0.277,0.292,0.341,0.322,0.420,0.472,0.469,0.490,0.478,0.484,0.349,0.299,0.292,0.255,0.255,0.258,0.242,0.246,0.243,0.210,0.237,0.239,0.183,0.257,0.193,0.267,0.230,0.209,0.142,0.200,0.186,0.172,0.204,0.181,0.195,0.203,0.218,0.263,0.263,0.282,0.325,0.393,0.415,0.439,0.443,0.459,0.434,0.420,0.391,0.404,0.458,0.514,0.498,0.483
Senegal,0.258,0.247,0.240,0.248,0.258,0.460,0.454,0.180,-0.020,0.119,0.307,0.308,0.322,0.333,0.386,0.524,0.351,0.433,0.495,0.533,0.600,0.574,0.517,0.432,0.527,0.414,0.399,0.357,0.387,0.506,0.310,0.300,0.322,0.304,0.308,0.318,0.329,0.352,0.385,0.414,0.414,0.443,0.445,0.426,0.499,0.511,0.489,0.531,0.533,0.539,0.554,0.581,0.557,0.581,0.605,0.637,0.662,0.621,0.622
Solomon Is.,0.093,0.121,0.117,0.114,0.138,0.188,0.182,0.227,0.245,0.237,0.252,0.287,0.319,0.368,0.354,0.303,0.311,0.388,0.290,0.494,0.445,0.569,0.491,0.562,0.544,0.555,0.552,0.562,0.535,0.532,0.481,0.499,0.515,0.530,0.544,0.557,0.568,0.553,0.563,0.573,0.582,0.590,0.597,0.604,0.676,0.724,0.686,0.691,0.636,0.641,0.644,0.646,0.647,0.683,0.579,0.514,0.581,0.550,0.567
Sierra Leone,0.309,0.123,0.137,0.153,0.123,0.113,0.118,0.097,0.146,0.411,0.318,0.287,0.238,0.185,0.175,0.173,0.145,0.162,0.220,0.205,0.180,0.200,0.156,0.190,0.166,0.174,0.172,0.123,0.110,0.088,0.079,0.083,0.106,0.106,0.111,0.058,0.070,0.053,0.059,0.034,0.087,0.090,0.107,0.112,0.105,0.085,0.108,0.090,0.090,0.088,0.092,0.117,0.133,0.156,0.168,0.131,0.131,0.130,0.133
El Salvador,0.224,0.205,0.221,0.373,0.396,0.325,0.396,0.342,0.362,0.333,0.389,0.401,0.434,0.497,0.486,0.508,0.521,0.527,0.540,0.530,0.465,0.393,0.373,0.396,0.330,0.403,0.398,0.483,0.481,0.498,0.452,0.573,0.619,0.714,0.802,0.881,0.772,0.926,0.978,0.960,0.956,0.990,0.996,1.086,1.109,1.130,1.189,1.250,1.127,1.085,1.058,1.092,1.085,1.031,1.047,1.107,1.128,0.999,1.061
Somaliland,0.031,0.031,0.037,0.035,0.045,0.043,0.044,0.070,0.046,0.048,0.063,0.054,0.067,0.075,0.091,0.129,0.112,0.166,0.104,0.083,0.130,0.042,0.109,0.141,0.108,0.129,0.137,0.145,0.144,0.134,0.101,0.096,0.093,0.087,0.085,0.079,0.074,0.069,0.063,0.058,0.055,0.056,0.060,0.059,0.057,0.056,0.054,0.056,0.054,0.052,0.052,0.051,0.050,0.050,0.048,0.047,0.047,0.045,0.046
Serbia,0.000,0.000,0.000,0.000,0.000,0.000,0.000,0.000,0.000,0.000,0.000,0.000,0.000,0.000,0.000,0.000,0.000,0.000,0.000,0.000,0.000,0.000,0.000,0.000,0.000,0.000,0.000,0.000,0.000,0.000,8.161,6.872,6.395,5.612,5.125,5.946,6.917,7.539,7.572,5.408,5.853,6.153,6.631,7.098,7.711,6.923,7.254,7.123,6.986,6.430,6.399,7.024,6.313,6.442,5.430,6.365,6.551,6.680,6.522
Suriname,1.503,1.450,1.629,1.705,1.889,2.419,3.242,3.839,4.073,4.186,4.375,4.648,4.744,5.778,4.431,5.625,5.583,5.311,6.687,6.397,6.599,5.641,5.192,3.796,4.263,4.337,4.705,4.619,4.828,4.673,4.295,4.891,4.826,4.766,4.689,4.662,4.641,4.624,4.567,4.555,3.143,3.189,2.323,2.521,2.816,3.384,3.028,2.758,2.823,2.772,3.288,3.644,4.508,4.184,4.772,4.918,4.089,3.734,3.611
Slovakia,0.000,0.000,0.000,0.000,0.000,0.000,0.000,0.000,0.000,0.000,0.000,0.000,0.000,0.000,0.000,0.000,0.000,0.000,0.000,0.000,0.000,0.000,0.000,0.000,0.000,0.000,0.000,0.000,0.000,0.000,10.343,9.040,8.690,8.323,7.800,7.902,7.848,7.852,7.680,7.535,7.065,7.173,7.082,7.135,6.969,7.169,7.050,6.925,6.888,6.282,6.575,6.322,5.986,6.085,5.619,5.669,5.800,6.174,6.059
Slovenia,0.000,0.000,0.000,0.000,0.000,0.000,0.000,0.000,0.000,0.000,0.000,0.000,0.000,0.000,0.000,0.000,0.000,0.000,0.000,0.000,0.000,0.000,0.000,0.000,0.000,0.000,0.000,0.000,0.000,0.000,6.771,6.372,6.426,6.808,6.841,7.272,7.689,7.921,7.822,7.519,7.310,7.721,7.781,7.726,7.867,7.963,8.127,8.077,8.603,7.614,7.718,7.663,7.374,7.088,6.387,6.382,6.746,6.843,6.775
Sweden,6.576,6.496,6.788,7.282,7.888,8.098,9.297,8.770,9.818,10.852,11.486,10.445,10.438,10.738,9.790,9.866,10.740,10.399,9.611,10.240,8.635,8.345,7.482,6.999,6.877,7.472,7.412,7.111,6.809,6.539,6.233,6.294,6.547,6.482,6.661,6.597,7.199,6.487,6.594,6.465,6.005,5.902,6.053,6.162,5.959,5.561,5.385,5.153,5.006,4.611,5.132,4.719,4.428,4.224,4.033,4.000,3.909,3.811,3.538
eSwatini,0.098,0.011,0.000,0.000,0.030,0.216,0.525,0.576,0.686,0.727,0.850,0.900,0.834,0.787,0.643,0.675,0.647,0.641,0.800,0.787,0.792,0.717,0.693,0.416,0.494,0.629,0.633,0.583,0.564,0.546,1.155,1.112,0.957,0.822,1.146,1.079,0.825,1.152,1.163,1.227,1.124,1.066,1.050,0.978,0.965,0.980,0.975,0.997,0.971,1.012,0.948,0.951,0.982,1.426,0.877,0.933,1.104,0.925,0.959
Syria,0.705,0.649,0.657,0.717,0.840,0.685,0.886,0.803,1.004,1.180,1.049,1.352,1.142,1.122,1.327,1.484,1.765,1.819,1.826,2.614,2.329,2.879,2.553,2.813,3.215,2.785,2.849,3.189,3.153,2.861,2.376,2.506,2.381,2.268,2.285,2.348,2.495,2.448,2.567,2.453,2.409,2.463,2.458,2.428,2.506,3.028,3.087,3.125,3.100,2.790,2.795,2.653,2.250,1.559,1.447,1.447,1.515,1.702,1.647
Chad,0.018,0.017,0.027,0.029,0.030,0.032,0.025,0.034,0.036,0.045,0.034,0.040,0.032,0.041,0.038,0.045,0.044,0.047,0.045,0.046,0.046,0.045,0.044,0.042,0.044,0.035,0.036,0.037,0.012,0.018,0.065,0.065,0.064,0.062,0.062,0.063,0.062,0.061,0.060,0.061,0.061,0.060,0.059,0.081,0.079,0.079,0.078,0.081,0.085,0.084,0.086,0.066,0.070,0.070,0.069,0.069,0.070,0.068,0.069
Togo,0.042,0.057,0.055,0.065,0.079,0.077,0.101,0.107,0.100,0.119,0.130,0.144,0.178,0.175,0.160,0.129,0.131,0.183,0.138,0.523,0.264,0.223,0.252,0.181,0.194,0.169,0.210,0.221,0.221,0.227,0.257,0.238,0.190,0.156,0.221,0.232,0.313,0.169,0.259,0.358,0.258,0.233,0.258,0.343,0.326,0.312,0.272,0.253,0.258,0.451,0.410,0.381,0.329,0.252,0.223,0.249,0.306,0.269,0.286
Thailand,0.136,0.147,0.173,0.186,0.242,0.234,0.289,0.360,0.491,0.406,0.417,0.507,0.559,0.609,0.588,0.577,0.663,0.724,0.772,0.792,0.847,0.787,0.770,0.846,0.900,0.936,0.938,1.056,1.221,1.415,1.566,1.707,1.858,2.092,2.314,2.602,2.887,2.905,2.528,2.608,2.591,2.704,2.853,2.957,3.213,3.304,3.314,3.387,3.432,3.310,3.505,3.475,3.716,3.852,3.779,3.829,3.780,3.766,3.714
Tajikistan,0.000,0.000,0.000,0.000,0.000,0.000,0.000,0.000,0.000,0.000,0.000,0.000,0.000,0.000,0.000,0.000,0.000,0.000,0.000,0.000,0.000,0.000,0.000,0.000,0.000,0.000,0.000,0.000,0.000,0.000,2.086,1.883,1.394,0.923,0.534,0.435,0.383,0.423,0.458,0.415,0.354,0.340,0.331,0.332,0.387,0.361,0.386,0.460,0.420,0.325,0.321,0.330,0.380,0.392,0.542,0.563,0.688,0.717,0.805
Turkmenistan,0.000,0.000,0.000,0.000,0.000,0.000,0.000,0.000,0.000,0.000,0.000,0.000,0.000,0.000,0.000,0.000,0.000,0.000,0.000,0.000,0.000,0.000,0.000,0.000,0.000,0.000,0.000,0.000,0.000,0.000,12.120,9.973,7.205,6.640,7.988,7.945,6.925,6.875,6.931,8.009,8.160,8.346,8.657,9.539,9.955,10.171,10.339,11.540,11.518,10.060,11.275,12.255,12.586,12.630,12.712,12.952,12.719,12.498,12.260
Timor-Leste,0.000,0.000,0.000,0.000,0.000,0.000,0.000,0.000,0.000,0.000,0.000,0.000,0.000,0.000,0.000,0.000,0.000,0.000,0.000,0.000,0.000,0.000,0.000,0.000,0.000,0.000,0.000,0.000,0.000,0.000,0.000,0.000,0.000,0.000,0.000,0.000,0.000,0.000,0.000,0.000,0.000,0.000,0.184,0.179,0.206,0.211,0.197,0.193,0.199,0.214,0.219,0.225,0.265,0.399,0.451,0.510,0.566,0.483,0.505
Trinidad and Tobago,3.044,5.321,8.231,1.468,4.205,5.699,4.412,5.014,4.342,4.167,9.519,8.479,8.515,9.571,10.087,9.518,15.536,15.565,14.549,15.651,15.615,15.663,16.452,14.326,15.181,17.735,14.691,14.668,13.177,13.309,11.555,10.577,9.647,10.027,10.420,10.493,10.576,10.930,11.175,11.243,11.332,12.134,12.543,11.936,12.379,15.172,17.059,16.867,16.083,15.285,17.031,17.355,16.448,16.791,16.090,15.514,13.234,13.142,12.778
Tunisia,0.413,0.417,0.417,0.445,0.618,0.542,0.622,0.651,0.742,0.779,0.739,0.814,0.895,0.893,0.976,0.981,1.011,1.142,1.236,1.412,1.489,1.501,1.413,1.630,1.618,1.629,1.605,1.526,1.582,1.642,1.668,1.711,1.762,1.878,1.857,1.867,1.899,1.935,1.990,2.064,2.156,2.211,2.201,2.199,2.278,2.290,2.360,2.379,2.380,2.384,2.580,2.394,2.460,2.444,2.606,2.654,2.565,2.614,2.592
Turkey,0.612,0.617,0.750,0.768,0.871,0.884,0.995,1.032,1.092,1.140,1.223,1.336,1.472,1.587,1.593,1.673,1.834,1.984,1.838,1.758,1.723,1.775,1.890,1.923,1.991,2.172,2.332,2.542,2.427,2.629,2.582,2.623,2.688,2.747,2.674,2.877,3.121,3.207,3.161,3.096,3.425,3.081,3.195,3.316,3.352,3.461,3.797,4.153,4.078,4.036,4.108,4.326,4.406,4.191,4.411,4.477,4.692,5.127,5.015
Tanzania,0.082,0.068,0.072,0.073,0.092,0.100,0.114,0.143,0.130,0.137,0.131,0.176,0.150,0.214,0.150,0.144,0.170,0.119,0.126,0.115,0.102,0.111,0.110,0.109,0.113,0.109,0.103,0.104,0.097,0.090,0.075,0.071,0.069,0.068,0.066,0.092,0.101,0.093,0.084,0.077,0.088,0.091,0.101,0.103,0.136,0.148,0.153,0.145,0.146,0.138,0.156,0.179,0.210,0.223,0.215,0.227,0.206,0.208,0.206
Uganda,0.062,0.058,0.059,0.058,0.064,0.079,0.089,0.095,0.111,0.129,0.154,0.149,0.139,0.116,0.114,0.106,0.090,0.071,0.060,0.056,0.050,0.041,0.041,0.045,0.041,0.043,0.047,0.049,0.053,0.048,0.046,0.045,0.044,0.043,0.037,0.047,0.051,0.052,0.058,0.058,0.056,0.055,0.061,0.062,0.066,0.081,0.091,0.100,0.104,0.109,0.119,0.124,0.113,0.120,0.128,0.127,0.143,0.142,0.143
Ukraine,0.000,0.000,0.000,0.000,0.000,0.000,0.000,0.000,0.000,0.000,0.000,0.000,0.000,0.000,0.000,0.000,0.000,0.000,0.000,0.000,0.000,0.000,0.000,0.000,0.000,0.000,0.000,0.000,0.000,0.000,13.270,12.537,11.019,9.569,8.006,7.751,6.779,6.488,6.168,6.155,6.047,6.176,6.305,6.907,6.473,6.271,6.497,6.711,6.514,5.478,5.874,6.203,6.082,5.905,5.248,4.227,4.472,3.900,4.154
Uruguay,1.702,1.603,1.541,1.639,1.710,2.050,1.985,1.776,1.760,2.002,2.044,2.061,2.154,2.047,2.013,2.109,2.075,1.978,1.997,2.168,2.002,1.832,1.650,1.284,1.153,1.095,1.049,1.168,1.567,1.580,1.238,1.395,1.512,1.413,1.334,1.455,1.678,1.700,1.756,2.050,1.645,1.489,1.362,1.351,1.644,1.629,1.904,1.756,2.320,2.290,1.869,2.259,2.521,2.171,1.912,1.931,1.907,1.769,1.890
United States of America,16.000,15.681,16.014,16.483,16.968,17.452,18.121,18.598,19.089,19.858,21.111,20.980,21.749,22.511,21.503,20.402,21.158,21.532,21.973,21.780,20.786,19.767,18.590,18.572,18.977,18.882,18.721,19.350,20.010,20.076,19.409,19.006,19.025,19.238,19.281,19.254,19.611,20.348,20.267,20.106,20.472,20.175,19.449,19.509,19.604,19.478,18.958,19.056,18.295,16.819,17.434,16.599,15.771,16.103,16.026,15.535,15.132,14.806,15.241
Uzbekistan,0.000,0.000,0.000,0.000,0.000,0.000,0.000,0.000,0.000,0.000,0.000,0.000,0.000,0.000,0.000,0.000,0.000,0.000,0.000,0.000,0.000,0.000,0.000,0.000,0.000,0.000,0.000,0.000,0.000,0.000,5.742,5.660,5.272,5.184,4.789,4.219,4.181,4.160,4.729,4.728,4.937,4.917,4.962,4.627,4.695,4.388,4.603,4.405,4.549,4.118,4.291,4.262,3.738,3.741,3.427,3.244,3.371,3.439,3.401
Venezuela,7.009,6.153,6.189,6.209,6.042,6.272,5.690,6.353,6.133,6.245,6.543,5.326,5.173,5.340,5.862,4.838,4.225,4.564,4.782,5.184,5.981,5.896,5.831,5.662,5.524,5.848,6.163,6.087,6.209,5.679,5.252,5.095,5.095,5.241,5.138,5.332,5.835,5.952,5.690,5.370,5.555,5.570,5.800,5.405,5.491,5.961,5.582,5.607,5.916,5.848,6.027,5.891,6.264,6.302,6.269,5.780,5.429,5.059,4.783
Vietnam,0.182,0.183,0.218,0.197,0.210,0.218,0.225,0.195,0.204,0.201,0.650,0.551,0.506,0.539,0.400,0.447,0.280,0.300,0.297,0.307,0.310,0.319,0.324,0.332,0.295,0.348,0.371,0.408,0.356,0.263,0.271,0.264,0.272,0.335,0.363,0.405,0.449,0.520,0.574,0.572,0.630,0.693,0.813,0.856,1.017,1.098,1.132,1.234,1.364,1.512,1.699,1.677,1.640,1.693,1.838,2.257,2.391,2.348,2.699
Vanuatu,0.000,0.000,0.595,0.472,0.864,0.642,1.008,1.074,0.773,0.531,0.472,0.667,0.687,0.587,0.644,0.551,0.427,0.483,0.536,0.554,0.539,0.433,0.423,0.443,0.433,0.931,0.441,0.350,0.474,0.437,0.478,0.464,0.387,0.376,0.366,0.416,0.524,0.515,0.449,0.497,0.487,0.476,0.413,0.452,0.343,0.334,0.327,0.501,0.445,0.565,0.550,0.536,0.481,0.429,0.606,0.516,0.647,0.595,0.615
Kosovo,0.000,0.000,0.000,0.000,0.000,0.000,0.000,0.000,0.000,0.000,0.000,0.000,0.000,0.000,0.000,0.000,0.000,0.000,0.000,0.000,0.000,0.000,0.000,0.000,0.000,0.000,0.000,0.000,0.000,0.000,0.000,0.000,0.000,0.000,0.000,0.000,0.000,0.000,0.000,0.000,0.000,0.000,0.000,0.000,0.000,0.000,0.000,0.000,0.000,0.000,0.000,0.000,0.000,0.000,0.000,0.000,0.000,0.000,0.000
Yemen,0.011,0.014,0.013,0.015,0.018,0.018,0.017,0.017,0.021,0.022,0.027,0.034,0.040,0.050,0.056,0.089,0.105,0.121,0.128,0.136,0.151,0.165,0.229,0.281,0.320,0.330,0.317,0.325,0.317,0.313,0.567,0.691,0.705,0.596,0.593,0.662,0.652,0.679,0.713,0.778,0.798,0.842,0.821,0.917,0.942,0.964,0.938,0.969,1.005,1.139,1.036,0.869,0.804,1.048,1.034,0.536,0.400,0.361,0.327
South Africa,5.727,5.833,5.887,5.961,6.332,6.617,6.454,6.561,6.594,6.665,6.786,7.437,7.376,7.257,7.198,7.351,7.474,7.551,7.447,7.867,8.000,8.774,9.312,9.429,9.923,9.921,9.877,9.593,9.773,9.494,6.730,6.425,6.175,6.218,6.213,6.376,6.486,6.721,6.788,6.281,6.332,7.035,7.181,7.558,8.035,7.887,7.828,8.080,8.569,8.004,8.300,7.867,8.077,8.137,8.213,7.671,7.564,7.633,7.497
Zambia,0.000,0.000,0.000,0.000,0.947,1.097,0.951,1.262,1.167,1.057,0.902,0.878,0.911,0.994,0.879,0.826,0.788,0.708,0.636,0.637,0.603,0.556,0.562,0.505,0.421,0.398,0.404,0.367,0.414,0.333,0.341,0.349,0.337,0.291,0.241,0.234,0.188,0.238,0.220,0.174,0.174,0.171,0.175,0.186,0.183,0.193,0.179,0.158,0.170,0.187,0.194,0.218,0.278,0.284,0.312,0.319,0.342,0.415,0.446
Zimbabwe,0.000,0.000,0.000,0.000,1.035,1.166,1.308,1.109,1.292,1.321,1.543,1.596,1.450,1.579,1.488,1.322,1.671,1.385,1.341,1.320,1.301,1.229,1.107,1.267,1.159,1.156,1.427,1.600,1.635,1.594,1.584,1.713,1.694,1.540,1.417,1.357,1.288,1.187,1.198,1.338,1.153,1.166,1.045,0.850,0.813,0.870,0.809,0.796,0.614,0.619,0.773,0.891,0.923,0.926,0.894,0.898,0.783,0.719,0.850